WKT,Name,Detail,Number,Size,Latitude,Longitude,URL,IMAGE1,IMAGE2,IMAGE3,IMAGE4,IMAGE5
"POINT (138.3796251 34.9254885)",official BAR,ビール、アルコール類,1,8.0,34.9254885,138.3796251,,,,,,
"POINT (138.3801341 34.9253714)",キャプテンジャーク,ジャークチキン ライスアンドピーズ ジャークチキンオーバーライス,2,3.0,34.9253714,138.3801341,,https://drive.google.com/open?id=1fx2Icxc90GjGxV5XqOrAAbeaGscQYgK1, https://drive.google.com/open?id=1QCFqJPhY2jbcfwaDluvygF4iwulPBjSq, https://drive.google.com/open?id=1gu0dLh0YHGmbCqSgdwoFafWF21yA7vvU, https://drive.google.com/open?id=1Yrzmo2320sgDhZZxRin18aHvQ08yFtht, https://drive.google.com/open?id=16z3MM6PfzvwdFYa_81D2BOnKfBqOuKml
"POINT (138.3800838 34.9253505)",GREEDY TACOS,TACOS、チキンオーバーライス、ナチョス、,3,3.0,34.9253505,138.3800838,https://www.instagram.com/greedy_tacos57?igsh=a3hvd3RldHJ4OWJm,https://drive.google.com/open?id=1af-K6kazIGzAJ5UEdq9hHpkh228LDNgL, https://drive.google.com/open?id=1_XlF-wA4QHNCOBujllWuawuJx7zmhZ2G, https://drive.google.com/open?id=1Q7a5t1hw5rvJR9JHZmKtvkMsqhj87LyI, https://drive.google.com/open?id=1by5grk1hFkTjT_c61U0Z3JnW2wo1GbNC, https://drive.google.com/open?id=1pjHIXyD19O0tJRsXqgGfC6qnvgkCURUS
"POINT (138.3800422 34.9253351)",Enishi,大串焼き　唐揚げ　フライドポテト　オムそば　ホルモン焼きそば　海鮮焼き　シャーピン,4,3.0,34.9253351,138.3800422,,https://drive.google.com/open?id=1RU_1MwCZOswYMfQDIA0OhFJtxuFRTEuj, https://drive.google.com/open?id=15TjxCJrVsOPgeJ5pzkmAB3VMvgBdTl_E,,,
"POINT (138.379998 34.9253225)",TACOCAFE,こだわりのたこやき,5,3.0,34.9253225,138.379998,TACOCAFE.jp,https://drive.google.com/open?id=1HquOvSnFntGoYXFJoq4khb0zN-4fwC3g,,,,
"POINT (138.3799544 34.9253109)",3 mile Cafe,ロングポテト　チュロス等,6,3.0,34.9253109,138.3799544,,,,,,
"POINT (138.3799101 34.9252978)",晴レノ日ノ,バイン・ミー　フォー　無農薬自家菜園ホーリーバジルのガパオライス,7,3.0,34.9252978,138.3799101,@harenohi.no,https://drive.google.com/open?id=14YBwzmlmfL2VdehpBnaOJacHVQiNH3DT, https://drive.google.com/open?id=1SYg4TrJQuBfxHqPAfL4g6Isziglk-rmG, https://drive.google.com/open?id=15YIQBaoUe26a2cvJKhUftuenX2m86qbc, https://drive.google.com/open?id=12FGUk38vjDMwqYkJ7bnPVeBLzpZDqRTl, https://drive.google.com/open?id=1mt6C5SKlgzHJgVB_yZzIQi8tDHkra5zC
"POINT (138.3798605 34.9252846)",うまいもんでぶ屋,魔法の粉をかけたフライドポテト、ふりふりポテト、肉巻きおにぎり、でぶサンド、チュロス、かき氷、トロピカルジュース等,8,3.0,34.9252846,138.3798605,,https://drive.google.com/open?id=1mW7RYE4I2aYL4dB1ka9a4-GrqnZE5MrW, https://drive.google.com/open?id=1t7zr97thUpOjVk2n7iFpRUO2XuT99gJJ, https://drive.google.com/open?id=1cmBPSAMUYGVit4feblo3NNrKXq63khHa,,
"POINT (138.3798095 34.9252714)",篠原商店,鶏のからあげ、さといものからあげ、とり皮のからあげ,9,3.0,34.9252714,138.3798095,https://www.instagram.com/wasouzaishinoharasyouten/,https://drive.google.com/open?id=1MsgCQ9hjKy7aKE9nk1dAs3_FkAlwZWZB, https://drive.google.com/open?id=1rHejHY54TApNevWlATKHkRgNuaQwm83m, https://drive.google.com/open?id=1hQGABK5kEueNxOCPXlsCQAY26aeneo7k, https://drive.google.com/open?id=1EUMqqpx59g-UG4TmH2TX6pV1URDGf0uD,
"POINT (138.3797572 34.9252582)",Mr.Potato Farm,フレンチフライ・サツマイモチップス・大学芋,10,3.0,34.9252582,138.3797572,Instagram @mr.potatofarm,https://drive.google.com/open?id=1ZaNPRlInkjce1fOQx2xSg08lsUNUg18U, https://drive.google.com/open?id=1i1o2VoGIQMyFazUOujvsc_w8aBpqPv3T, https://drive.google.com/open?id=1O4bQTFrlvRPQCveteHvDMxeO5CtRZ_gw, https://drive.google.com/open?id=1DnXMzwVCxUIoJZTSfF7A7QL3EvFUHPrS, https://drive.google.com/open?id=1AOmWiHjyJeKgN0xJKLktAflkYmn8EJvj
"POINT (138.3797049 34.9252428)",テキーラダイナー,ハンバーガー、ホットドッグ、ステーキ,11,3.0,34.9252428,138.3797049,https://tequilasdiner.owst.jp/,https://drive.google.com/open?id=1hP_oaePoOo-j63J0O_m0PELSaiXjolbh, https://drive.google.com/open?id=19yxkwjEKngaoY-9wVEknQymgd9aNKY-l,,,
"POINT (138.3796526 34.9252323)",B.B.garden,カレー,12,3.0,34.9252323,138.3796526,,,,,,
"POINT (138.3795996 34.9252219)",29CHORI veg+,静岡もつ焼きそば、ホルモン焼き,13,3.0,34.9252219,138.3795996,https://www.instagram.com/gido_29chori,https://drive.google.com/open?id=1Lszm21f7VJ4KyTrxhCKVpHz37bxgT9Ll, https://drive.google.com/open?id=1VUDzEzd0UXUvRUm2sj8cYPqU9Sig_H-G, https://drive.google.com/open?id=1PbIlQv8eM-WuRVzvng2GHvduNrf1hqkn, https://drive.google.com/open?id=1z5SWcj2ZVyHxckx4DZo_n7Gg7vLRNqcD,
"POINT (138.3795561 34.9252131)",スレイジースタンド,ポテトボール（新感覚　揚げじゃがバター）、オリジナルドリンク（フルーツエイド他）,14,3.0,34.9252131,138.3795561,https://www.instagram.com/srazystand?igsh=MWxwcWgyOW96dmVrYw==,https://drive.google.com/open?id=1-zlFLcp9yrNIyBmr2eT8BPjWwA3Udz2t, https://drive.google.com/open?id=1zfghecH-od-IzGl6G74N3Yh_baYXLrL1, https://drive.google.com/open?id=1S-83MOkkWbVoVK4UAj611Lpg9RAPzSKh,,
"POINT (138.3795138 34.9251966)",MIKAKOFFEE,朝霧牛乳のカフェラテ、コーヒー、自家製シロップのドリンク各種、自家製ティラミス、朝霧牛乳のプリン各種、焼き菓子各種、自家焙煎コーヒー豆,15,3.0,34.9251966,138.3795138,https://www.instagram.com/mikakoffee/profilecard/?igsh=MTRoNWs5cGg0eGNneA==,https://drive.google.com/open?id=18XsoYsG-WTs6jBRAp50P0A7xQs4gBzRj, https://drive.google.com/open?id=1klp9OaHzhMufopTj6yVmntR1lqL_OoCx, https://drive.google.com/open?id=1VAGWpR_rfs6UZVRmpes9UpdhxwVuO0Mt, https://drive.google.com/open?id=1Z5rHhwhjub_07NkTQolb7V_ub-cpUkJ7,
"POINT (138.3794669 34.925179)",安寧,長岡式酵素玄米、オーガニックドリンク、燻製各種,16,3.0,34.925179,138.3794669,https://www.instagram.com/annei_shizuoka?igsh=MThsOWMyZDg1c3VyaA%3D%3D&utm_source=qr,https://drive.google.com/open?id=1TTDSlIGs3NLUzrCgKTwJXaGCIPWux97L, https://drive.google.com/open?id=1AyOLiI94INeHzfxdSpjBuzrDyI6l0ktg, https://drive.google.com/open?id=1hUBt4H-HVpLpEbbCpcsEAabaMO-Ri5l6,,
"POINT (138.3794166 34.9251603)",BLOOM,コーヒー、ハンバーガーなど,17,3.0,34.9251603,138.3794166,bloom_work.fitness,https://drive.google.com/open?id=1pfQRzE42Bq_aZcIdjMTePIFRJ4qHiQgC, https://drive.google.com/open?id=1qrGtpPpVjVYCw2iai7Uphvch3aqnmU9R, https://drive.google.com/open?id=1_6c7Kxlw-c2zkhTDmFQSsJulrTi6HTCg, https://drive.google.com/open?id=1q64XoIE2sPBQVbxXnXvl7RRfxQIN8SiV,
"POINT (138.379371 34.9251427)",串焼亭,静岡県産黒毛和牛牛串、はらみ串、牛タン串、かき氷,18,3.0,34.9251427,138.379371,,https://drive.google.com/open?id=1ar5TUuJp5KN2dd6W7RHgbdd8NFFZoQL5, https://drive.google.com/open?id=1JvlWRUuTNuI-O0rvm4edKFOnQkXUg4Ec, https://drive.google.com/open?id=17j3Z0MoQm9Ss3-cjSXD7MWNAk0iSkz_P, https://drive.google.com/open?id=1_bcBEenrPBhmsvriQBk0rWpjS7wtVOfO,
"POINT (138.3793301 34.9251185)",T’s green,揚げ団子、かりんとう饅頭、抹茶ラテ等,19,3.0,34.9251185,138.3793301,@ts.green_2013,https://drive.google.com/open?id=1f3ruBPSNX_xCEDwm8zGdmrBXMMKVPHQI, https://drive.google.com/open?id=1jliKTaXZCjxqNYBZ8I6Bpebcpata_muY, https://drive.google.com/open?id=1WgrIXoMIuxX8NodKlOEfxZT0_01Gt4PE, https://drive.google.com/open?id=1lBhjoUQCugLhR-EkVBxyOX6vCf_QP3lT,
"POINT (138.3792778 34.9250998)",とらさんキッチン,富士山焼きそば、マーボー焼きそば、燻製セット、炊き込みご飯、惣菜各種,20,3.0,34.9250998,138.3792778,torasankitchen78@instagram.jp,https://drive.google.com/open?id=1yNBRM_oIYq2LeO5ZiYAv6_91yTBlgLv1, https://drive.google.com/open?id=1R1VNGMBf7giCga4tfamCCos2KFv2TL1l,,,
"POINT (138.3792288 34.9250811)",caffe kofka,ドリップコーヒー、朝霧牛乳のカフェラテ、季節のフルーツシロップドリンク、ソフトドリンク,21,3.0,34.9250811,138.3792288,https://www.instagram.com/caffe_kofka/,https://drive.google.com/open?id=1mi5d-tDGwm_J97xcZ5k5ePp5CK3hjLbZ, https://drive.google.com/open?id=1TbJX6xepoUkPzQ2fzr5FTV3J0swC6Yrc, https://drive.google.com/open?id=1LKAuypR5rQ5jfzdb31mmCj6t390tufDT, https://drive.google.com/open?id=1zZf6Ur6LDPTJeYIpeD7X7gQJgRIXxo-n, https://drive.google.com/open?id=1P6nNzobzk9IIO2IOho1jpUAPgeYf9VVa
"POINT (138.3791772 34.9250613)",ふわいろ（元わたじろう）,わたあめ（わたあめは許可証は必要ないそうです）,22,3.0,34.9250613,138.3791772,https://www.instagram.com/kiyumi0013,https://drive.google.com/open?id=1bykAuTIEMMwC8QBi14xNRRcqgY-OgPfR, https://drive.google.com/open?id=1dcRSWJahI327cY-FSK48OcuShU8-CFB5, https://drive.google.com/open?id=1B42LgWdW-7Xq55t09nR6vrfN98qBEAlJ, https://drive.google.com/open?id=1TRPuE9hQDX8NQy0v8BqRSAmtP-L5L3Nk, https://drive.google.com/open?id=19Pfbg_CODjCoQsy8_vO_A5UYpGk-_vXe
"POINT (138.3801522 34.9255798)",ポテイト王国,ロングポテト　チュロス　チーズボール,23,3.0,34.9255798,138.3801522,,https://drive.google.com/open?id=1uCo9JNpiwGSQkH9tCUQn2RwHml4hzSMJ,,,,
"POINT (138.3801093 34.9255666)",ぽっぽ屋,広島焼き オムそば ロングポテト 唐揚げ フランク,24,3.0,34.9255666,138.3801093,https://instagram.com/umaimono.yatai.poppoya?igshid=MzRlODBiNWFlZA==,https://drive.google.com/open?id=1FbSDRlam2L-S6oBRGZGXix81BN8XZEhu, https://drive.google.com/open?id=1KRnYo0Pr1U6ddIBqzFSnXCqRVG-qVn1g, https://drive.google.com/open?id=15stH_zkE7K56RRWbv14-U76dZnX0d0hy,,
"POINT (138.3801307 34.9256161)",ふわとろたこ焼き　あじたま,たこ焼き,25,3.0,34.9256161,138.3801307,https://www.ajitama-takoyaki.com/,https://drive.google.com/open?id=1AjpqYBWGky7GxclSzww4aofKNc3sZAqg, https://drive.google.com/open?id=1z8Q5-zFdn3I2ZcgNwAAq_KiyVsG3zs7n, https://drive.google.com/open?id=1NVBmhaV2271ZopTl48oyOPNoOHeyuKC5, https://drive.google.com/open?id=1h6DSUJUW_pAyAM8ELxKf5iFIyc8jMjaB, https://drive.google.com/open?id=10KwKjWGtrOEGoLgZWs_milQPk1Hv8xIb
"POINT (138.3800798 34.9255963)",保科精肉店,からあげ 炭火焼きチャーシュー串 ロングポテト  ゆず蜜ドリンク,26,3.0,34.9255963,138.3800798,https://www.instagram.com/hoshina_seinikuten/profilecard/?igsh=MXhic3RiYjhoNTFjcw==,https://drive.google.com/open?id=1Ei1x64VHRhh8puYv8Hr3xsUyEFxfMDlt, https://drive.google.com/open?id=1hkbSZLxM9dr8TvN2SmllVQ1SoG8CeAuD, https://drive.google.com/open?id=1ivG8QVPe4cA0UfM1rX9_-6Zb0kyx-0lZ, https://drive.google.com/open?id=1I4nuuHYG_ZTtG3Lk32nMqFkj0BSfxYdt, https://drive.google.com/open?id=1nZ9eHCjOFeAqMV9VDkxAXhkxVL_YKfLY
"POINT (138.3800355 34.925538)",一新食堂,ラーメン、お弁当、お惣菜、さつまいもチップス、レモンネード、おでん,27,3.0,34.925538,138.3800355,,https://drive.google.com/open?id=1lbQ8or6GMxnDNyAPHx02F1GJKb61oGQi, https://drive.google.com/open?id=1amOakryru5fla0zl_9cbvmNOcQCmCVOv, https://drive.google.com/open?id=1YtfvVGULZVv_o_PNuayvQy5tIVFpqjYK,,
"POINT (138.3799966 34.9255248)",10DER HOUSE,スモークチキンレッグ・ガーリックシュリンプ・ノンアルコールカクテル,28,3.0,34.9255248,138.3799966,https://www.instagram.com/10derhouse/profilecard/?igsh=MWJ6d2k3dHluenMxcA==,https://drive.google.com/open?id=1BPRp2OLMb86MmfksbFenklHrdf3zdC6S, https://drive.google.com/open?id=1gkJikSycxhR-easA3R_6B_aTYpjCy1n3,,,
"POINT (138.380014 34.9255688)",ル・ジャルダン・ゴロワ,ハーブグリルソーセージ、ハムチーズクレープ、ワイン、レモネード、キッシュ、チーズケーキ、タルト、シューケットラスク、マシュマロ,29,3.0,34.9255688,138.380014,,,,,,
"POINT (138.3799698 34.9255534)",マサイの風,京都の山里で自家焙煎した珈琲、メインブレンドの「マサイの風」、他7種類の自家焙煎珈琲。,30,3.0,34.9255534,138.3799698,https://www.instagram.com/danchou.lion/,https://drive.google.com/open?id=1PQwje9cOnB9jEN7uyJtRIwHSyW7h48jZ, https://drive.google.com/open?id=1AkAjDqvs20nJrNiIYbw3tHUDkT1Ni-JG, https://drive.google.com/open?id=1sB7tKyXsAzaSdIU4Pu9IUlK-eG3fjZ1C, https://drive.google.com/open?id=1m2uV3B99xHazD1yaZkMwHnUINlf3BwW_, https://drive.google.com/open?id=1kkOJ5c9AKML3tRfG96N83uYd_6Iz6mla
"POINT (138.3793998 34.9253258)",ひので(青葉おでん街),静岡おでん(盛り合わせ5種) 特製おでん出汁おにぎり ホルモン煮込み 炭火焼鶏 牛ハラミ串 フランクフルト 静岡茶 コカコーラ,31,3.0,34.9253258,138.3793998,,https://drive.google.com/open?id=1SjlpahpEP4twEXqi_0slxA_xyHtrzZyW, https://drive.google.com/open?id=1j62Z8iuLEa3YF8_79b_R0lmth4uavzSz, https://drive.google.com/open?id=13Ien91KDPsl-XEHpXHHERlzZUw1WKU2N, https://drive.google.com/open?id=1ndq06PwZkwmjcpAKY-yjchCmbFo2UJK7,
"POINT (138.3793556 34.9253087)",最高餃子,餃子、ホットク,32,3.0,34.9253087,138.3793556,https://www.instagram.com/saikou.gyouza315?igsh=MTg2ZGg1dGdzeHk3NA%3D%3D&utm_source=qr,https://drive.google.com/open?id=1XyDKkJElSE8wL6kOFurWaMafuY2EqQlp, https://drive.google.com/open?id=1XlMF707kQWPc1rlweKFHohEWtxhfborV, https://drive.google.com/open?id=1rUCp07L4PLD4rmjDlP7tVIByFQ_CcTV9, https://drive.google.com/open?id=13yONHflMbWcnQPkqYpXGJF2i9ZWygWaP, https://drive.google.com/open?id=16D6_8Sck3BQCvocn_3zETtpVcf0ArSJo
"POINT (138.379377 34.9253615)",八ヶ岳スモーク,スモーク全部盛り（スモークチキン、スモークベーコン、ソーセージ）,33,3.0,34.9253615,138.379377,,https://drive.google.com/open?id=1bG4z215J_YaWUtx0X0EnlQYPDbfE5fwu, https://drive.google.com/open?id=1eEJVu7zCZ_vGpSGAZ1yT8nxKte0Y1EpH,,,
"POINT (138.3793308 34.9253456)",Fragrant,コーヒー,34,3.0,34.9253456,138.3793308,https://www.instagram.com/fragrant_coffee_by_tls,https://drive.google.com/open?id=1DXLd0AhYYjYMtG-BDFs8w45zKgpcWx9D, https://drive.google.com/open?id=1x2GcvNTZA8OBvaOCIBpI7WB0WN60cqkl, https://drive.google.com/open?id=1JYae183CLCx4njaqJ7rSZ5w5zEx51Ydc, https://drive.google.com/open?id=1omRzoebq8l3EgXQR0sa8zFq1wZmwEj4X,
"POINT (138.3792583 34.9252076)",グランプールテラス静波,ホットサンド、ポテト、レモネード,35,3.0,34.9252076,138.3792583,https://www.instagram.com/glampool_shizunami,https://drive.google.com/open?id=1WONd-y1DIzoQNhkZsl-YcOYfXOuxdlFJ, https://drive.google.com/open?id=14h-_gJDwlAgl2HLDtlZC2gay0kWgT1P-, https://drive.google.com/open?id=1A7RvZ_0fW1sTHtOja9lRErbwsywal0pC, https://drive.google.com/open?id=1nz_YtEKpbS1HyiTZvmxqAJ8A8Zc2WyiM,
"POINT (138.3792201 34.9251922)",オールドソーコ,ペンネアラビアータ 鴨肉のスモーク 鴨マヨピザ ガーリックトースト スーコン6種 沼津レモネード、沼津レモンスカッシュ、アイスコーヒー、チャイ、ラッシー、いちごミルク,36,3.0,34.9251922,138.3792201,old.soco,https://drive.google.com/open?id=1YzF4BmMOt11zsU8s-5fP7i3UGa5xAAtb, https://drive.google.com/open?id=19qj1xuLu9vLpvO3WSdTd8N9cpILjRxgS, https://drive.google.com/open?id=1Lo5ZMXif-7HoVFHBNtZ1BvdcOyFt1t-8, https://drive.google.com/open?id=1gHh79zpExLA-a9t_inrXzZaadaMEuA-C, https://drive.google.com/open?id=1aRtWzfE3Ql1k4HWTGhbwit-x1SOQFIzZ
"POINT (138.3792349 34.9252389)",ベルラッテ,豚角煮のちまき、藤枝高級抹茶のクレープ、ドリンク、らくがきせんべい,37,3.0,34.9252389,138.3792349,,https://drive.google.com/open?id=18fxJ_HRzZ6dMDR7A9UFxbFb7JUZDKlZa, https://drive.google.com/open?id=1UzJ_waE1G6wl25RJ59FykHJ2RaPyDNTi, https://drive.google.com/open?id=1tSILKhXKb5lU0NqjCnS5rQ9jtQb-1eQ-, https://drive.google.com/open?id=11fYqhVsgHPIyzZMLnGeA5SWQHBDP7jAv,
"POINT (138.3791926 34.925223)",mario coffee labo,わくわくするこだわりのドリップコーヒーです。ご注文を受けてその場で抽出いたします。少量の焼き豆とドリップバック。,38,3.0,34.925223,138.3791926,,https://drive.google.com/open?id=1JX9yBglJ4jhltXVFfndzLL9wvwKAmNAm, https://drive.google.com/open?id=1iFqVwA1leD1UaxPsiQKf5ij0YMK_Iwt5, https://drive.google.com/open?id=1fkmYPmEgWvnZ4JKcLCRjOJ-0PWQDTu2y, https://drive.google.com/open?id=1tfCtiBPriM7CxS_07z8Aalo8b49tgsDK, https://drive.google.com/open?id=1skS7EMXotOicNYtIHGIH3j9wCGKbyuNh
"POINT (138.3792932 34.9254456)",極東アンティール,ジーラポーク、豆カレーorジャークチキン（他店様とのカブリの少ない方）,39,3.0,34.9254456,138.3792932,https://far-east-antilles.com,https://drive.google.com/open?id=1tjmT7lTL1nfKKDaFJesO_PvfE95toY5M, https://drive.google.com/open?id=1YWZvGsTLG5PJvfH4xW8MelWetXSlPDxK, https://drive.google.com/open?id=1pbQbWlJK55wXoUsKmPEznidsrXAsSrbp,,
"POINT (138.3792463 34.9254456)",SHANTY,jamaica料理,40,3.0,34.9254456,138.3792463,,https://drive.google.com/open?id=1KBsyPgKyMyDqnSswnIfzss_u7BBPOX_E, https://drive.google.com/open?id=1xzdT1559MnttFSkuTWhf5zkvjYgJzYnE, https://drive.google.com/open?id=1MLShIiwaiFZAnfxZWHtqdMHeb25Mf7jF,,
"POINT (138.3790592 34.9253989)",Ailie の野生コーヒー,自家焙煎コーヒー,41,3.0,34.9253989,138.3790592,,,,,,
"POINT (138.3804043 34.9255358)",LA BALENA VOLANTE,薪窯で焼くピッツァ、コーヒーその他ソフトドリンク類,42,3.0,34.9255358,138.3804043,https://www.instagram.com/tobekujira/,https://drive.google.com/open?id=1NFiAa_1r4K9D7RTRftZYFHBj0eyAhbQN, https://drive.google.com/open?id=1hLJ5ZnGXT1WPSHc_yl09V89puhjl35eI, https://drive.google.com/open?id=10xUflbBSvTILMecgmXKcXT-nxoFTWh3B, https://drive.google.com/open?id=1UhVX0YLqu-4xOEaZpnRZ5iRAc9K4bRik,
"POINT (138.3804284 34.9256194)",池めん清水町店,台湾まぜそば、豚骨らーめんなど,43,3.0,34.9256194,138.3804284,,https://drive.google.com/open?id=1QDc6KU_Q_fXdfJuE7T3F8XadnWIroXg5, https://drive.google.com/open?id=1nBRlOTZJlnObn6kmoLqhH4CQHiWcPTxT,,,
"POINT (138.380289 34.9256282)",ハワイ食堂LeaLea,静岡わさびバーガー、他バーガー、モチコチキン（ハワイのからあげ）、ポテト等,44,3.0,34.9256282,138.380289,https://lealea.crayonsite.com/,https://drive.google.com/open?id=1pmpfg3L8QVJ9NMaKaVdzLZPveqKJKcwV, https://drive.google.com/open?id=1xd0PeP-w8xU7DmWNkUgvzmSfRjTptlk5, https://drive.google.com/open?id=1Yy3WDIsAcMltkcioMyNB6NU-XHzRnIHn, https://drive.google.com/open?id=1KNE18XcooLBKSoX9ZlQNAn0Wo6tkmJFw,
"POINT (138.3802219 34.9256722)",Pomaikai,クレープ,45,3.0,34.9256722,138.3802219,,https://drive.google.com/open?id=1NdytxlKkLGQ00d5nfdIbiUABy-fyDv4M,,,,
"POINT (138.3801656 34.9257073)",たこ助,チョコバナナ　串焼　ポテト　チュロス　丼,46,3.0,34.9257073,138.3801656,,,,,,
"POINT (138.3801334 34.9258151)",いちご実　加藤農園,いちごスイーツ,47,3.0,34.9258151,138.3801334,ichigomi.com,https://drive.google.com/open?id=1xf-IMJDOKOLmwox5a86xwW487Z6gdZ3e,,,,
"POINT (138.3800422 34.9257777)",48DINER,スライダーバーガー、チキンオーバーライス、プルコギドッグ,48,3.0,34.9257777,138.3800422,http://www.instagram.com/48diner,https://drive.google.com/open?id=12fHmgyy5YQfqMwFKRkkV1dKNPbiqVA9k, https://drive.google.com/open?id=1xgMu9yS-CnJKgLgVtv5PRZAUdG7EK7Bs,,,
"POINT (138.3799752 34.9257469)",tomosfactory,ロングポテト チュリトス カキ氷,49,3.0,34.9257469,138.3799752,,https://drive.google.com/open?id=1mve2PKvo5W31bfQRce9ugkJNhyMnMNgh, https://drive.google.com/open?id=1pSHLC8wSgHf_zaYjq5bmvX5k2LnBcDP4, https://drive.google.com/open?id=1-_YL2GZzA8-rN_mgxxat2p9ZvxouXvAp,,
"POINT (138.3799108 34.9257227)",中嶋養蜂,蜂蜜　ハニーレモネード　チュロス　ポテト,50,3.0,34.9257227,138.3799108,@y.nakajimayoho,https://drive.google.com/open?id=1KfyoZcCERKZno8RMEa1lwfFG04bgbzdY, https://drive.google.com/open?id=1PuqSAcqTtqwiuxxXcK27KcjEQGJf1_uk, https://drive.google.com/open?id=1ALYYxbtJHOnA-QViVhM6oL_Aww5VDX0d,,
"POINT (138.3798357 34.9257007)",enwa縁和,ローストビーフサンド・ローストポークサンド・スモーキーチキンサンド・ダブルハムチーズサンドのホットサンド フライドポテト かき氷 静岡県産レモンをじっくり煮込んだ レモネード&レモンスカッシュ クリーミーいちごミルク キャラメルマキアート ウインナーコーヒー等 ,51,3.0,34.9257007,138.3798357,,https://drive.google.com/open?id=1_kKlb9pHKDDgKea_dW_6DPCakAfcOTUF, https://drive.google.com/open?id=1Lfq-jXAHduNKUCYZDkvmak4Dx4USZQiW, https://drive.google.com/open?id=1-ZnE1EZCrtwi86hHTGrykf6scKHxgA9t, https://drive.google.com/open?id=1AXlHGt7HGj2YL7fYECTJBsSA6TzWYDct,
"POINT (138.3797606 34.925681)",手羽先おおむら,焼き鳥（手羽先、鶏もも焼き）モツ煮,52,3.0,34.925681,138.3797606,https://www.instagram.com/tebasaki_oomura/,https://drive.google.com/open?id=1Ew_aYBPsKwfb2vf9SdwAnczf2W1THxPU, https://drive.google.com/open?id=1krXnKSPSflXCDVFjqJKFt7XEqHosw3yi, https://drive.google.com/open?id=10ErnSCOVtNkSpvx0IuGQfFfg_8s6JvzO, https://drive.google.com/open?id=1e3Ar58MG0e92pxxCnY6gWe7lJ3F4-2-l,
"POINT (138.3796935 34.9256546)",JAH KITCHEN,ジャマイカンフード、おつまみ,53,3.0,34.9256546,138.3796935,,,,,,
"POINT (138.379955 34.9254566)",Tequila Cream Trade Mark,アパレルブランド,54,3.0,34.9254566,138.379955,www.tequila-cream.com,https://drive.google.com/open?id=1nXUclOKyMHlN_D5s6cgQGIW7n09OskYK, https://drive.google.com/open?id=1tE4wvRwFaX20neqV_r0b1tBpNXTwaAte, https://drive.google.com/open?id=1jZOpC1DrS4Zl-r0nev76yuJtfg2YoF-f, https://drive.google.com/open?id=1Caw71KZGefNEua6MIOKKbn0lO-Z19vbo, https://drive.google.com/open?id=1oaUiKmVeZsRyDj7fXD5OK3tBY15XTw98
"POINT (138.3799121 34.9254379)",Shop standard,オールハンドメイドのBAGやCAP、ウェアを制作しています！今回は刺繍用のミシンを使い、その場で刺繍を施すWORK SHOPも行います。,55,3.0,34.9254379,138.3799121,https://www.instagram.com/standard_81/profilecard/?igsh=NXF3MDJjeDlhdnNi,https://drive.google.com/open?id=1AH0kmsAqOdAJjbbiqjWaW3rvYYEVF6YK, https://drive.google.com/open?id=1PCYpmpq74dsi6AGFmIBy00Vcw79q1WX8, https://drive.google.com/open?id=1fRzdn6NS-pHx0Fa9bqkfR_T-j5Cks8hF, https://drive.google.com/open?id=1KwUhP0PjHW6KrB6zCAqgOZ5Se2rngp2b,
"POINT (138.3799336 34.9254929)",ETHNIC TOKYO,アパレル・アフリカンバスケット・カレンシルバーなど,56,3.0,34.9254929,138.3799336,https://ethnictokyo.com,https://drive.google.com/open?id=1flCQdK7B8ug8O7WdpbWebuL9H-E3MlHZ, https://drive.google.com/open?id=1DfagNsiiAsFh68ayO4LBwJJVMNGCRvd0, https://drive.google.com/open?id=1vff-79SyypFTYgDQ9kWVDKO5_DmK_d8D, https://drive.google.com/open?id=1bofms38YAV8QIi_3JaxG33Cwwau7XDt0,
"POINT (138.3798866 34.9254742)",Toko Ramai,アウトドアウェア、アウトドアグッズ、雑貨、ガラポン,57,3.0,34.9254742,138.3798866,https://www.instagram.com/tokoramai2,,,,,
"POINT (138.3798424 34.9254149)",ATELIER / m-no,リメイクアパレル,58,3.0,34.9254149,138.3798424,http://instagram.com/atelier_mno/,https://drive.google.com/open?id=1YPmzyimZeHnkDZKAilqutWZVHAWa5Gyh, https://drive.google.com/open?id=1pxwJCHW27_CGkzgsNpmGUd382Z47cZo-, https://drive.google.com/open?id=1MnRYs_xlSkvR6ZmDv1Iv_goWFwVCtKbF, https://drive.google.com/open?id=1MKfcgaDjLsFi5Z3mBeEqKgiDAGz3wshR, https://drive.google.com/open?id=1WyLC3r3-y8hH11KzrWJkIe4y5SOGv0kl
"POINT (138.3797981 34.9253929)",ｅｎ,オーガニックウエアー販売,59,3.0,34.9253929,138.3797981,https://www.instagram.com/en_shizuoka/,https://drive.google.com/open?id=1rP7M0wMMnHoihaBhXRCYKEDF-uI3Kr7B, https://drive.google.com/open?id=195TKlgXRIXg_qaz1PaLNRKOOqpUR6CYZ, https://drive.google.com/open?id=1kmzynKFQbV3S6Uo9rfQCnGUw684tQQUf, https://drive.google.com/open?id=1MnchIxB3nMgXZldlGdqJ2YWICaJJICEf, https://drive.google.com/open?id=1kqtV4qRG1_UF1rR3XYmMK8Ol6WZ1BPL9
"POINT (138.3798169 34.9254511)",流木ジョニー／古着ジェリー,流木雑貨、古着とレゲエイベント用エスニック雑貨などの販売。,60,3.0,34.9254511,138.3798169,https://@ryubokujohnny,https://drive.google.com/open?id=13tx72R8yOf1KhX-1rrxSuk4IlVX6mVeE, https://drive.google.com/open?id=1X5F8ZTZ7WqxWPCrXt09VZwle0Z37rWCk, https://drive.google.com/open?id=1BZf_4iRbfzzABMFpSrf7czhPwkTMJBEL, https://drive.google.com/open?id=1M2hToMBRNsjchnznfi9w_EslWAjm0ObU, https://drive.google.com/open?id=1_sfk8kHheNeragMNC3Aj5QOkGqvBgYJf
"POINT (138.379774 34.9254346)",HAE. vintage with Lab. Paper Dripper,海外古着とコーヒーと焼き菓子,61,3.0,34.9254346,138.379774,https://www.instagram.com/hae.vintage/       https://www.instagram.com/lab.paperdripper/,https://drive.google.com/open?id=1qDZc8Ds7qx8gmyEIC4KfMgk80lkA56n0, https://drive.google.com/open?id=1OiHfJ6_dutuudGOZIPEsg2HenL7AnhZ2, https://drive.google.com/open?id=16VJTTL7zkqZEiYNgxFsCAwgHqo3QIJRc, https://drive.google.com/open?id=1aWHJ4GqUh1DT6iyQSfFrVH-mLwbWTTNr, https://drive.google.com/open?id=16-oJPMn0SmOVCscskPhzN4vepxqHSn3O
"POINT (138.3791544 34.9251592)",アトリエクエスト,オリジナル木材雑貨、マクラメ作品、七宝作品、パラコード作品、レジン作品等,62,3.0,34.9251592,138.3791544,https://www.create-life.jp/,,,,,
"POINT (138.3791088 34.9251411)",ROTTENING,レザー、レジン製アクセサリー、着物小物、キッズアクセサリー,63,3.0,34.9251411,138.3791088,https://www.instagram.com/rotten_ing/,https://drive.google.com/open?id=1DZwzzU2XvB4ivgOGYZjYzs6xYQgculz0, https://drive.google.com/open?id=1lctMyFWcyoJfHe6XKj7BXk5NnLyrLM6k, https://drive.google.com/open?id=11MzQftJNlmcuSV14kqcWe7tfevn3svuI, https://drive.google.com/open?id=1o8lx_eA_N7tcmVg76MI1gi1U06L-33o5, https://drive.google.com/open?id=1Whd9pI2rTNHN_WKIOYA0EXR4E4K17925
"POINT (138.3791296 34.9251916)",yuni,アクセサリー（ピアス、イヤリング）,64,3.0,34.9251916,138.3791296,https://www.instagram.com/yuni__0223/profilecard/?igsh=MXM3aDR3NndlamsxZw==,https://drive.google.com/open?id=1Dl1h9-MSwPKeSYJJKvPyAXjd1oHOsj5M, https://drive.google.com/open?id=1Dm63edpPmpMRw8tjeIq5AyoG8p_3cgJP, https://drive.google.com/open?id=1QEsOGX3wpGPYeZ_ugMvprJSGqY5kRXlN, https://drive.google.com/open?id=1zU3fRbvIysCWRLglwI94-0ENbLQuJa71,
"POINT (138.379084 34.9251735)",sail accessory,ミニチュアのドリンクカップに毛糸や好きなパーツを１つ１つ選んで詰め込んで、オリジナルのキーホルダーを作ります,65,3.0,34.9251735,138.379084,https://www.instagram.com/sail.accessory?igsh=YnBld21pZ2VsZnl2&utm_souらrce=qr,https://drive.google.com/open?id=1m25MxizSPbpnSkZIFrj3KnsIOsrhc7XF, https://drive.google.com/open?id=1kMRIw8Pcx9QE9x63dyiN06E251GWUoua, https://drive.google.com/open?id=1Jg04AgXoJDE1cbxnfL1S64s2rQiIXLuN,,
"POINT (138.3792677 34.9253104)",Freedom&Hope,羊毛フェルト・アフリカ布雑貨他,66,3.0,34.9253104,138.3792677,https://www.instagram.com/freedom_3_3_hope,https://drive.google.com/open?id=1pI5O-KNkMhtNGBrudxlTG_Schj87XV81, https://drive.google.com/open?id=1mhQ2ndLiGj7Z65bKmxevKuu9nNeZm5k9, https://drive.google.com/open?id=1_es1QBLwO8DVCqDRWcnGy0vNAMAwbWy0, https://drive.google.com/open?id=1UcjIbXkwsYD2PP9pXzp_j1dcMcRKpYy3, https://drive.google.com/open?id=1EXvOLxkz6P7SPH-Y8QmnpBYAcRG-3LYi
"POINT (138.3792194 34.9252928)",AYANO knitting,あみぐるみ・ニット小物・雑貨,67,3.0,34.9252928,138.3792194,https://ayanoknitting.com/,https://drive.google.com/open?id=1q7VjE7j2u5rMZhWFpUnjhznRv4DvR_1P, https://drive.google.com/open?id=1EU2WpMg-8NAFKPPhvhAgyhaJVnz9QyK_, https://drive.google.com/open?id=1W4nWwtUQSmcNUplcASB135Y8YMBi3wUo,,
"POINT (138.3792456 34.9253384)",MUSUBI★Store,麻たわし、麻紐雑貨、精麻飾、わらじ、石笛等,68,3.0,34.9253384,138.3792456,https://musubistore.thebase.in/,https://drive.google.com/open?id=19G6HgS4wlaE0qeTGMjv54Xfv41-U8N_w, https://drive.google.com/open?id=1yJYi1Y1DNyzXqSBYlMfi5bxYrm0J_mbM, https://drive.google.com/open?id=1WYKi1HeANJpdhNE9d-0JnIIzhpDKhAFu, https://drive.google.com/open?id=1CGnOI5m7L2wHfHE0lQvnFr-PNwLY2hse,
"POINT (138.3791973 34.9253208)",YOPOOHRU,オリジナルイラストプリントウェア＆グッズ・カッティングステッカー,69,3.0,34.9253208,138.3791973,https://www.instagram.com/yopoohru/,https://drive.google.com/open?id=1ggOcwbVMi_dapLsqohvJkrdf7LuZRF0E,,,,
"POINT (138.379143 34.9252604)",yatri,インド伝統染めの手ぬぐい、スカーフ、ターバンなど布雑貨,70,3.0,34.9252604,138.379143,https://www.instagram.com/yatri_silkroad/,https://drive.google.com/open?id=11GzK70uKnlV-sSxP3KdYbxOWmJry9p3r, https://drive.google.com/open?id=1-4Zwdo-qOSxYDle1H20lJ6cfGlbWWETg, https://drive.google.com/open?id=1xCfYqRZcmSRDUMdgbM1Q-f8WCWx6h0R5, https://drive.google.com/open?id=1QIoek_JM2v_h1eHsUfGLFJuFlqIew9DN, https://drive.google.com/open?id=1R3mceQL6OrKLkc0fh52N3KE-OyL6uIZ7
"POINT (138.3791008 34.925245)",武器あります。,中世ヨーロッパで実際使用されていた武器のモチーフ、ドラゴンやグ+リフォンなど幻、(獣のモチーフシルバーアクセサリーです。 爪や牙など細部まで表現した作品 天然石水晶を使用した世界に一つの一点ものも ドラゴンベビーや猫やコウモリのイヤーカフなど女性にも人気です。,71,3.0,34.925245,138.3791008,https://minne.com/@m2sick　Xフォロワー数4000以上 https://x.com/m2sicksilver,https://drive.google.com/open?id=1eavgOaIpvB6BYCNvRLkhnfTjyCUJCPKN, https://drive.google.com/open?id=1MTS0zOClWDng1gQ526R2gTjvpbLV0NLR, https://drive.google.com/open?id=1WEPwAxr1s8SeF6nBf0EQxwuv-l28G9MC, https://drive.google.com/open?id=1cbJ-oDgdMFROFtGMpEAFSHOCCsA3nec8, https://drive.google.com/open?id=1ENGWw8ChwyIcggY8Q0g7UGK3N4g0Lmrb
"POINT (138.3791195 34.9252923)",HIMALAI TRiP MARKET & Sala Mehndi,タイダイ曼荼羅染め&オリジナルデザインTシャツ、雑貨販売。メヘンディ(ヘナタトゥー),72,3.0,34.9252923,138.3791195,https://himalai-trip-market.stores.jp/,https://drive.google.com/open?id=1BYDoB-P9lInEpyEJfK_FsatW8Yvp6Vbv, https://drive.google.com/open?id=1QmfGrsmx_k2EUrBi9SOtCE67ho2Bdo74, https://drive.google.com/open?id=1PUBEF2UmIPAZL66fuSsOU9tKWfqKmWRC, https://drive.google.com/open?id=14dBg8cu3b8h3I_ck80pE3I4yXqvyVwID, https://drive.google.com/open?id=1ncoJ11JhkcrEgUREF70reeP0_bv9Ou0W
"POINT (138.379078 34.9252785)",Cherie CoCo〜シェリーココ〜,トルコモザイクガラスワークショップと うぉーたーびーずアクアリウムワークショップ ハンドメイド雑貨販売,73,3.0,34.9252785,138.379078,https://www.instagram.com/cherie.coco77?igsh=MWo0dGZlbjhhaHkyMg==,https://drive.google.com/open?id=1tDxD39EkD-His1dTf_P9oghQ6rGZHE1A, https://drive.google.com/open?id=1HpJUtxWam69KzbIeaY78cym0d1_y8TWp, https://drive.google.com/open?id=1P9djqNXAIRszEGebZnnKcPnfnpQLbsn8, https://drive.google.com/open?id=1PxQBEe08YhQceNU5QR5YJumot0hDpepu, https://drive.google.com/open?id=1_eA8AQAVxLsNZiNCYAy3R4ucJ2w-3Yqr
"POINT (138.3790055 34.925218)",c.blue,オーシャンレジン、マクラメ編みのインテリア雑貨、アクセサリー販売,74,3.0,34.925218,138.3790055,https://www.instagram.com/d.s.k.666.masonlysurf,https://drive.google.com/open?id=18u40LMKxVJ5-s4ZJehqmF9ME8FslBbho, https://drive.google.com/open?id=1z_3gi0tNaOyPvj3oUi4XMRc-KcbhKOix, https://drive.google.com/open?id=1HFuXT8J1DGO11WdPo7k7XznRlYbNRX4A, https://drive.google.com/open?id=1vv0meD3bWYztuAvyRMcwcFbqhhqvD0xz,
"POINT (138.3790049 34.9252543)",タソガレリリー・and g,カラーセラピー、占い、ハンドメイドアクセサリー,75,3.0,34.9252543,138.3790049,,,,,,
"POINT (138.3789646 34.92524)",Qyuncandle(キュンキャンドル,グラデーションキャンドル作り体験,76,3.0,34.92524,138.3789646,https://www.instagram.com/qyuncandle,https://drive.google.com/open?id=1sVTs7L2la-9wxqCH9IeJBXx8dXUQ7G74, https://drive.google.com/open?id=14epAe-WyQGbDwGEp7SeJOo5JPp0ufGuM, https://drive.google.com/open?id=1vm057T7x1RTELbTSf2HvuRe9NfLD9nSE, https://drive.google.com/open?id=1zTEDMPb5B9JrCvLcXAn2bjenKel4j_FS, https://drive.google.com/open?id=12b7qIeC4brG3ZTPj5EpFkITAZYfdjRP_
"POINT (138.3789117 34.9251806)",KSL RESIN ART,海のレジンアート販売、ベアアートのワークショップ,77,3.0,34.9251806,138.3789117,https://www.instagram.com/ksl_resinart/profilecard/?igsh=MXRnMGtiYXZkaDU0eg==,https://drive.google.com/open?id=1XtLh0MMIgTAeTwFaQG8H8iBZwO4Bes61, https://drive.google.com/open?id=10bdZcDvUf4ZERJjGCZoq5EHmaLIwK_iT, https://drive.google.com/open?id=1ZN3DFcJAMFHOxqobYGALm4wO-8RG-ZP-, https://drive.google.com/open?id=1HHnpU5GVaBZfvUAQvpYbV2aom2CMCHst, https://drive.google.com/open?id=1qr85J2dJOB0BlzGU7s1ntuIOvPgelR-4
"POINT (138.3788694 34.9251609)",MOMONA Mermaid,ハワイアン雑貨、ハワイアンファブリックのハンドメイド布小物,78,3.0,34.9251609,138.3788694,,https://drive.google.com/open?id=1Eid6bg7WdOIjijJyBqxp7YoRtfxY4yU7,,,,
"POINT (138.3788902 34.9252114)",Merry,アクアビーズドームワークショップ　あみぐるみワークショップ,79,3.0,34.9252114,138.3788902,@merry.miyuki1007shop,https://drive.google.com/open?id=1cGRvueLT_t4_LH0Dxjt1vEYUCH9bRqx3, https://drive.google.com/open?id=196ZHreW2T4PIyVJYjRHs5eVA13nPuLA5, https://drive.google.com/open?id=1aG9rz2NG4OeQSeNWcu5PJf1taeVMgwHG, https://drive.google.com/open?id=1LwmHn0JVFzaUA86K47GtC0h_DhECB-ml,
"POINT (138.378848 34.9251938)",花十色-mimi-,風鈴、ドアベル、キーホルダーのワークショップ,80,3.0,34.9251938,138.378848,http://instagram.com/hanatoiro_mimi_,https://drive.google.com/open?id=1QqRXKjt_HrU23oPK7-tePPQ7Y29Zuyug, https://drive.google.com/open?id=1UVyUdQW0GjzrjvDBVs6NGBNLprjSQCbo, https://drive.google.com/open?id=1iYTFiQH1Svjf5hdlBv8Pqwc3S2hsjRjd, https://drive.google.com/open?id=1qplnak8FoO1tOsMm28j450RmJesZsook, https://drive.google.com/open?id=1z1T98AbnfQAyHtqLVTwcRl1oG1Ym4Nof
"POINT (138.378793 34.9251306)",coconuts,イニシャルキーホルダー、ワイヤーリングキーホルダーワークショップ,81,3.0,34.9251306,138.378793,@coconuts.handmade66,https://drive.google.com/open?id=1rdCgcSXOgK9CDd0la5wdOYwaLAs5eNVU, https://drive.google.com/open?id=1RmJzlXOOb20bichUt7k2LemEooJzY_zh, https://drive.google.com/open?id=1zz9qHYO_w_DImdBG03dDqRzS75rdvCFg, https://drive.google.com/open?id=1mbXdeX3OtbupUM9sP3F-qIRrqoxVxW6f, https://drive.google.com/open?id=1wd-jAbmJoJ2kfZwLxZo8kBtOWeL0dVxe
"POINT (138.3787521 34.925113)",maeum candle,アロマジェルキャンドル作り、フロートキャンドル作り、キャンドルすくい,82,3.0,34.925113,138.3787521,http://www.instagram.com/maeum.candle,https://drive.google.com/open?id=1DyYqQ0benjtIk9orWtMxoMDuE0PB7jPu, https://drive.google.com/open?id=1ZLw6_wCWlKnYqX47SUL6h82WGsDux3BA, https://drive.google.com/open?id=13EvDGHyGESr8Tuj03QjCZSFUIP64TfCn, https://drive.google.com/open?id=1eW8BgWi2ZhS6pJhlrsHKLngJJxIhu1QW, https://drive.google.com/open?id=1LKIFqjlZJlObg992AbM9WkfLisACSRT8
"POINT (138.3787735 34.9251653)",トコトコっち,スクイーズのデコレーション体験と端材を用いたロボットオブジェ作り体験,83,3.0,34.9251653,138.3787735,https://www.instagram.com/tocotocotti/,https://drive.google.com/open?id=1Cqi7FojooopwcyZyGrHcEXA6Tkoaw7U8, https://drive.google.com/open?id=1eSuWhvQ0-A0Rw9MuDKjLli0Zn-j-KrXj, https://drive.google.com/open?id=1n0J5Pw0EKdlP2yaa-trf9QHooeoh8xhC, https://drive.google.com/open?id=1ZbVX911vYPlZz3ahDiUnx1SzZ-7qOiDk, https://drive.google.com/open?id=1sR5BFRqKaeNo73E2JDE8pnlsm_YguxLA
"POINT (138.3787279 34.925151)",庵寿玲海Amy,ミニ水族館ボトリウム,84,3.0,34.925151,138.3787279,,https://drive.google.com/open?id=11kE_Aw170qB70kRQi34jmZJ7NNvtSgo3, https://drive.google.com/open?id=1GyeLqclGCFhXr06snCTBMeyCalxY9zX4, https://drive.google.com/open?id=1tsYT_SgsuLXEvoRces8peHetovhiJqmZ,,
"POINT (138.3791899 34.9254346)",HOME BEAT,ミニサウンド・システム販売,85,3.0,34.9254346,138.3791899,,,,,,
"POINT (138.3791021 34.9254039)",CORNERSHOP,レコード、CD販売,86,3.0,34.9254039,138.3791021,,,,,,
"POINT (138.3790297 34.9253857)",ウクレレ移動販売＆出張ワークショップ【イコレレ】,ウクレレや小物楽器の販売　ウクレレ演奏のワークショップ,87,3.0,34.9253857,138.3790297,https://note.com/iko15ico,https://drive.google.com/open?id=1qL4Jj5ZaYYATB0Zbc8t72x2RzsUPuugo, https://drive.google.com/open?id=1BEmxWLpMiUx94GK4Poti6vuq8G9KPfke, https://drive.google.com/open?id=1j1o21luZ1toIsrxOr5HGIBYR5unaIKRq, https://drive.google.com/open?id=18ojmaztPbc4GORvuIRJH956g8nPImtEs, https://drive.google.com/open?id=1TnuYwRXbojmlcDzu0fKq1vNikdLedBxY
"POINT (138.3789982 34.9253764)",陶工房修,陶器、ワークショップ,88,3.0,34.9253764,138.3789982,,,,,,
"POINT (138.378966 34.9253626)",Sachiのメタルクリエイト,アイアン製品(インテリア雑貨)、スツール等アイアン製品の販売。アイアンアートの展示,89,3.0,34.9253626,138.378966,https://www.instagram.com/sach_imetal/profilecard/?igsh=MXB6aXYxbG1yeG02eA==,https://drive.google.com/open?id=19tSA34W85iE88f3C8OT7O1lqOAuoc6Tq, https://drive.google.com/open?id=14HU3IJ0W3njZ9DHCMdG6F0kq71537VLN, https://drive.google.com/open?id=11wHicsaaV-od_NGYhYjnmP8Tf_QhBuGa, https://drive.google.com/open?id=18mcc4IrBGHtPh7k0dw9OTtRQkL6CbdFB, https://drive.google.com/open?id=1h41_KnrX58JibCnBuuV3md8WLBJl3PQN
"POINT (138.3789298 34.92535)",かなせっけん,せっけん、豆菓子、木工製品、お茶などの販売,90,3.0,34.92535,138.3789298,https://kananoie.shop-pro.jp/,,,,,
"POINT (138.3788956 34.9253362)",meChill整体salon,マッサージと足指裏マッサージ,91,3.0,34.9253362,138.3788956,https://www.instagram.com/mechill_sangobiyou.seitai/profilecard/?igsh=MWNsdmNla3Z2NmF1MA==,https://drive.google.com/open?id=1CR8UUFTIMdDwrcqqtayclp6Uvk_08mkg, https://drive.google.com/open?id=1nYBp-fppqPuyoOzA8kZcsy-g8_aPP8k4, https://drive.google.com/open?id=1dCFbUq4dU0PxJM5C_F6g_c4eRorOucoH,,
"POINT (138.378852 34.9253192)",sowaca,首・肩マッサージ、フットマッサージ、ベットでマッサージ,92,3.0,34.9253192,138.378852,https://www.instagram.com/p/Cy2Oc_vyvGB/?igsh=MWRldHFxZHcwN2ViMg==,,,,,
"POINT (138.3788071 34.9253016)",spika永田町,ハンドトリート20分、お肌の分析30分,93,3.0,34.9253016,138.3788071,https://www.instagram.com/pola_spika/profilecard/?igsh=MWg3bjF1Zzh6bTc5eg==,https://drive.google.com/open?id=1mcSGN6FRSfzLAJidB0H_ydckStcIRAGI, https://drive.google.com/open?id=1nTxIKe3DEf3wsC7YbH6lyydStro50lvb, https://drive.google.com/open?id=1krFoKlPFoLxm-BPOdkBgyy-K4s5U1x98, https://drive.google.com/open?id=1XA4WLh55Kn28rukI-VFVdAlrDHaWRYAb,
"POINT (138.3787641 34.9252857)",足流療術,足流療術,94,3.0,34.9252857,138.3787641,,https://drive.google.com/open?id=1lXBOQLU-aCfR0c9jwjbmXWTfOODXXHpT, https://drive.google.com/open?id=158OlBT3i2b-1zlZG4diZYRQ6HEWxE1iC, https://drive.google.com/open?id=1COPjR3b8HOuyj4vpxEs4uOdYm2AXAK61,,
"POINT (138.3787165 34.925267)",FUMIHEALING:GROUP,深リンパケア/スピリチュアル鑑定  ALL10分1000円,95,3.0,34.925267,138.3787165,https://www.instagram.com/fumihealing_deeplymph_school?igsh=NXVkd3BxZW4zYWtk,https://drive.google.com/open?id=1vl0xk2zXI5McfdgZdPpK7nd7lfMSzWn9, https://drive.google.com/open?id=1hRsoL8_robUBcDrEVQrzW6uSIhB0lh36, https://drive.google.com/open?id=1qiWuckXIYUaiQSQNH0FlQ1-v6kJhzRmX, https://drive.google.com/open?id=1yjBSKbU0_FPGwZz1kV65x-7ZJkaxLJi5, https://drive.google.com/open?id=1bA--eSBUGU96xkJ2ZiVT5qqEgNFJnNy-
"POINT (138.378687 34.9252384)",精神と時の部屋,テントサウナ,96,3.0,34.9252384,138.378687,,,,,,
"POINT (138.3786401 34.9252032)",明治安田,健康チェックブース,97,3.0,34.9252032,138.3786401,,,,,,
"POINT (138.3786092 34.9251669)",toooa+,うぉーたーぷにぷにワークショップ ぷにぷに石鹸ワークショップ ぷにぷにすくい 光るおもちゃくじ,98,3.0,34.9251669,138.3786092,@toooa.plus,https://drive.google.com/open?id=1W-fsRvyzyb5Wz6rVMN2g_WSmB8Hl0YkE, https://drive.google.com/open?id=11d_2tqIQlagnmgArcHwagy2SpDHlLv_Y, https://drive.google.com/open?id=1AIDrBfVayxeXzggJJyK_NgFzfOeyPem1, https://drive.google.com/open?id=1QQcSQKwvFQWCh-B9jp8SnoC1q5Kfcz_M, https://drive.google.com/open?id=1D-QledICQ35h1MoGj4atP6KFW0Awp6bX
"POINT (138.3785925 34.9251273)",MRK Caricatures,その場で似顔絵を描きます,99,3.0,34.9251273,138.3785925,https://instagram.com/mrk_caricatures,https://drive.google.com/open?id=1u5ZG4BHT9pfYa2mJePd7qDXuwF8OZivO, https://drive.google.com/open?id=1hbJv8lvpd4rvGvabN2pg7HHvSGCn6JO0, https://drive.google.com/open?id=17eHNiX1TvKXoddIxOMcvPNZ0FAZHJhz4, https://drive.google.com/open?id=1Ny5DXC2IOTaOHjSu5dVNt0xf6MUlqZ7-, https://drive.google.com/open?id=19o1EHOEbe6BfwZfxMuwN7a52O_FD1npC
"POINT (138.3785764 34.9250855)",バルーンゆっぴー,バルーン販売,100,3.0,34.9250855,138.3785764,,,,,,
"POINT (138.378561 34.9250443)",用宗を楽しくする会,用宗＆広野PRブース、食品晩梅,101,3.0,34.9250443,138.378561,,,,,,
"POINT (138.3785429 34.9250003)",縁日処,射的、スーパーボールすくい,102,3.0,34.9250003,138.3785429,https://www.instagram.com/ennichi_docoro?igsh=cGlmZ2V2YmljMWpm&utm_source=qr,https://drive.google.com/open?id=1JH-YHj2EyVZfPfClbG0CB42Ep_zimsWx, https://drive.google.com/open?id=1PzYpTUY2SARy_gWsPPWLGpaxZOwUKEQT,,,
"POINT (138.3805652 34.9255138)",フィリップモリス　アイコス,アイコス紹介/販促,103,5.0,34.9255138,138.3805652,,,,,,
"POINT (138.3796828 34.9255138)",4541 Village,杉本青果 (野菜販売) デルクス 39 (衣類販売) 運動するところ (マッサージ) 大黒屋 (駄菓子販売) RAI 4 (ベーコン等) 4541 (雑貨販売),104,8.0,34.9255138,138.3796828,,,,,,
"POINT (138.3787118 34.9248519)",Harbor Art Billage,よいこ共和国 (無農薬栽培コーヒー、 豆乳チャイ) 栄養灯台堂 (キャンドルワークショップ、販売) 黄桜じーじのガラス玉とけん玉屋さん (けん玉販売やWS) Green Island (おやつ、雑貨販売 ) KUKU (信州産りんごパイ、 焼き菓子、 三年番茶) 東静岡アートラボ (お絵描きワークショップ) HAPPY MONSTA (リサイクルペットボトル食器アート) お祭り【酒-sai-】 (射的、 型抜き、ふんどし販売),105,8.0,34.9248519,138.3787118,,,,,,

